<ImportExportXml version="9.1.0.4239" SolutionPackageVersion="9.1" languagecode="1033" generatedBy="CrmLive" xmlns:xsi="http://www.w3.org/2001/XMLSchema-instance">
  <SolutionManifest>
    <UniqueName>MicrosoftCommonDataModelforAutomotiveApps</UniqueName>
    <LocalizedNames>
      <LocalizedName description="Microsoft Common Data Model for Automotive Apps" languagecode="1033" />
    </LocalizedNames>
    <Descriptions />
    <Version>0.5.0.0</Version>
    <Managed>1</Managed>
    <Publisher>
      <UniqueName>microsoftdynamics365automotiveaccelerator</UniqueName>
      <LocalizedNames>
        <LocalizedName description="Microsoft Dynamics 365 Automotive Accelerator" languagecode="1033" />
      </LocalizedNames>
      <Descriptions>
        <Description description="Microsoft Dynamics 365 Automotive Accelerator" languagecode="1033" />
      </Descriptions>
      <EMailAddress xsi:nil="true"></EMailAddress>
      <SupportingWebsiteUrl xsi:nil="true"></SupportingWebsiteUrl>
      <CustomizationPrefix>msauto</CustomizationPrefix>
      <CustomizationOptionValuePrefix>97223</CustomizationOptionValuePrefix>
      <Addresses>
        <Address>
          <AddressNumber>1</AddressNumber>
          <AddressTypeCode>1</AddressTypeCode>
          <City xsi:nil="true"></City>
          <County xsi:nil="true"></County>
          <Country xsi:nil="true"></Country>
          <Fax xsi:nil="true"></Fax>
          <FreightTermsCode xsi:nil="true"></FreightTermsCode>
          <ImportSequenceNumber xsi:nil="true"></ImportSequenceNumber>
          <Latitude xsi:nil="true"></Latitude>
          <Line1 xsi:nil="true"></Line1>
          <Line2 xsi:nil="true"></Line2>
          <Line3 xsi:nil="true"></Line3>
          <Longitude xsi:nil="true"></Longitude>
          <Name xsi:nil="true"></Name>
          <PostalCode xsi:nil="true"></PostalCode>
          <PostOfficeBox xsi:nil="true"></PostOfficeBox>
          <PrimaryContactName xsi:nil="true"></PrimaryContactName>
          <ShippingMethodCode>1</ShippingMethodCode>
          <StateOrProvince xsi:nil="true"></StateOrProvince>
          <Telephone1 xsi:nil="true"></Telephone1>
          <Telephone2 xsi:nil="true"></Telephone2>
          <Telephone3 xsi:nil="true"></Telephone3>
          <TimeZoneRuleVersionNumber xsi:nil="true"></TimeZoneRuleVersionNumber>
          <UPSZone xsi:nil="true"></UPSZone>
          <UTCOffset xsi:nil="true"></UTCOffset>
          <UTCConversionTimeZoneCode xsi:nil="true"></UTCConversionTimeZoneCode>
        </Address>
        <Address>
          <AddressNumber>2</AddressNumber>
          <AddressTypeCode>1</AddressTypeCode>
          <City xsi:nil="true"></City>
          <County xsi:nil="true"></County>
          <Country xsi:nil="true"></Country>
          <Fax xsi:nil="true"></Fax>
          <FreightTermsCode xsi:nil="true"></FreightTermsCode>
          <ImportSequenceNumber xsi:nil="true"></ImportSequenceNumber>
          <Latitude xsi:nil="true"></Latitude>
          <Line1 xsi:nil="true"></Line1>
          <Line2 xsi:nil="true"></Line2>
          <Line3 xsi:nil="true"></Line3>
          <Longitude xsi:nil="true"></Longitude>
          <Name xsi:nil="true"></Name>
          <PostalCode xsi:nil="true"></PostalCode>
          <PostOfficeBox xsi:nil="true"></PostOfficeBox>
          <PrimaryContactName xsi:nil="true"></PrimaryContactName>
          <ShippingMethodCode>1</ShippingMethodCode>
          <StateOrProvince xsi:nil="true"></StateOrProvince>
          <Telephone1 xsi:nil="true"></Telephone1>
          <Telephone2 xsi:nil="true"></Telephone2>
          <Telephone3 xsi:nil="true"></Telephone3>
          <TimeZoneRuleVersionNumber xsi:nil="true"></TimeZoneRuleVersionNumber>
          <UPSZone xsi:nil="true"></UPSZone>
          <UTCOffset xsi:nil="true"></UTCOffset>
          <UTCConversionTimeZoneCode xsi:nil="true"></UTCConversionTimeZoneCode>
        </Address>
      </Addresses>
    </Publisher>
    <RootComponents>
      <RootComponent type="62" schemaName="msauto_AutoHub" behavior="0" />
      <RootComponent type="62" behavior="0" />
      <RootComponent type="80" schemaName="msauto_AutoHub" behavior="0" />
    </RootComponents>
    <MissingDependencies>
      <MissingDependency>
        <Required key="0" type="1" schemaName="list" displayName="Marketing List" solution="msdynce_Marketing (9.0.4.37)" />
        <Dependent key="1" type="62" />
      </MissingDependency>
      <MissingDependency>
        <Required key="2" type="1" schemaName="msauto_devicegeneration" displayName="Device Generation" solution="MicrosoftCommonDataModelforAutomotive (0.6.0.0)" />
        <Dependent key="1" type="62" />
      </MissingDependency>
      <MissingDependency>
        <Required key="3" type="1" schemaName="opportunity" displayName="Opportunity" solution="msdynce_Sales (9.0.4.0076)" />
        <Dependent key="1" type="62" />
      </MissingDependency>
      <MissingDependency>
        <Required key="4" type="1" schemaName="msauto_devicetype" displayName="Device Type" solution="MicrosoftCommonDataModelforAutomotive (0.6.0.0)" />
        <Dependent key="1" type="62" />
      </MissingDependency>
      <MissingDependency>
        <Required key="5" type="1" schemaName="product" displayName="Product" solution="msdynce_ProductManagement (9.0.4.0066)" />
        <Dependent key="1" type="62" />
      </MissingDependency>
      <MissingDependency>
        <Required key="6" type="1" schemaName="msauto_deal" displayName="Deal" solution="MicrosoftCommonDataModelforAutomotive (0.6.0.0)" />
        <Dependent key="1" type="62" />
      </MissingDependency>
      <MissingDependency>
        <Required key="7" type="1" schemaName="msauto_devicemodelcode" displayName="Device Model Code" solution="MicrosoftCommonDataModelforAutomotive (0.6.0.0)" />
        <Dependent key="1" type="62" />
      </MissingDependency>
      <MissingDependency>
        <Required key="8" type="1" schemaName="msauto_devicebrand" displayName="Device Brand" solution="MicrosoftCommonDataModelforAutomotive (0.6.0.0)" />
        <Dependent key="1" type="62" />
      </MissingDependency>
      <MissingDependency>
        <Required key="9" type="1" schemaName="msauto_servicecontract" displayName="Service Contract" solution="MicrosoftCommonDataModelforAutomotive (0.6.0.0)" />
        <Dependent key="1" type="62" />
      </MissingDependency>
      <MissingDependency>
        <Required key="10" type="1" schemaName="msauto_deviceclass" displayName="Device Class" solution="MicrosoftCommonDataModelforAutomotive (0.6.0.0)" />
        <Dependent key="1" type="62" />
      </MissingDependency>
      <MissingDependency>
        <Required key="11" type="1" schemaName="phonetocaseprocess" displayName="Phone To Case Process" solution="msdynce_Service (9.0.5.56)" />
        <Dependent key="1" type="62" />
      </MissingDependency>
      <MissingDependency>
        <Required key="12" type="1" schemaName="bulkoperation" displayName="Quick Campaign" solution="msdynce_Marketing (9.0.4.37)" />
        <Dependent key="1" type="62" />
      </MissingDependency>
      <MissingDependency>
        <Required key="13" type="1" schemaName="opportunitysalesprocess" displayName="Opportunity Sales Process" solution="msdynce_Sales (9.0.4.0076)" />
        <Dependent key="1" type="62" />
      </MissingDependency>
      <MissingDependency>
        <Required key="14" type="1" schemaName="msauto_device" displayName="Device" solution="MicrosoftCommonDataModelforAutomotive (0.6.0.0)" />
        <Dependent key="1" type="62" />
      </MissingDependency>
      <MissingDependency>
        <Required key="15" type="1" schemaName="msauto_business" displayName="Business" solution="MicrosoftCommonDataModelforAutomotive (0.6.0.0)" />
        <Dependent key="1" type="62" />
      </MissingDependency>
      <MissingDependency>
        <Required key="16" type="1" schemaName="msauto_devicewarranty" displayName="Device Warranty" solution="MicrosoftCommonDataModelforAutomotive (0.6.0.0)" />
        <Dependent key="1" type="62" />
      </MissingDependency>
      <MissingDependency>
        <Required key="17" type="1" schemaName="quote" displayName="Quote" solution="msdynce_Sales (9.0.4.0076)" />
        <Dependent key="1" type="62" />
      </MissingDependency>
      <MissingDependency>
        <Required key="18" type="1" schemaName="msauto_testdrive" displayName="Test Drive" solution="MicrosoftCommonDataModelforAutomotive (0.6.0.0)" />
        <Dependent key="1" type="62" />
      </MissingDependency>
      <MissingDependency>
        <Required key="19" type="1" schemaName="lead" displayName="Lead" solution="msdynce_LeadManagement (9.0.4.0066)" />
        <Dependent key="1" type="62" />
      </MissingDependency>
      <MissingDependency>
        <Required key="20" type="1" schemaName="msauto_businessfacility" displayName="Business Facility" solution="MicrosoftCommonDataModelforAutomotive (0.6.0.0)" />
        <Dependent key="1" type="62" />
      </MissingDependency>
      <MissingDependency>
        <Required key="21" type="1" schemaName="invoice" displayName="Invoice" solution="msdynce_Sales (9.0.4.0076)" />
        <Dependent key="1" type="62" />
      </MissingDependency>
      <MissingDependency>
        <Required key="22" type="1" schemaName="contract" displayName="Contract" solution="msdynce_Service (9.0.5.56)" />
        <Dependent key="1" type="62" />
      </MissingDependency>
      <MissingDependency>
        <Required key="23" type="1" schemaName="msdyn_solutionhistory" displayName="Solution History" solution="SolutionHistoryAPIs (9.1.0.6)" />
        <Dependent key="1" type="62" />
      </MissingDependency>
      <MissingDependency>
        <Required key="24" type="1" schemaName="msdyn_postconfig" displayName="Post Configuration" solution="ActivityFeedsCore (9.0.0.0)" />
        <Dependent key="1" type="62" />
      </MissingDependency>
      <MissingDependency>
        <Required key="25" type="1" schemaName="campaign" displayName="Campaign" solution="msdynce_Marketing (9.0.4.37)" />
        <Dependent key="1" type="62" />
      </MissingDependency>
      <MissingDependency>
        <Required key="26" type="1" schemaName="salesorder" displayName="Order" solution="msdynce_Sales (9.0.4.0076)" />
        <Dependent key="1" type="62" />
      </MissingDependency>
      <MissingDependency>
        <Required key="27" type="1" schemaName="salesliterature" displayName="Sales Literature" solution="msdynce_Sales (9.0.4.0076)" />
        <Dependent key="1" type="62" />
      </MissingDependency>
      <MissingDependency>
        <Required key="28" type="1" schemaName="msdyn_upgraderun" displayName="Upgrade Run" solution="SolutionUpgradeInfrastructure (2.6.0.0)" />
        <Dependent key="1" type="62" />
      </MissingDependency>
      <MissingDependency>
        <Required key="29" type="1" schemaName="msauto_devicevariant" displayName="Device Variant" solution="MicrosoftCommonDataModelforAutomotive (0.6.0.0)" />
        <Dependent key="1" type="62" />
      </MissingDependency>
      <MissingDependency>
        <Required key="30" type="1" schemaName="msauto_serviceappointment" displayName="Service Appointment" solution="MicrosoftCommonDataModelforAutomotive (0.6.0.0)" />
        <Dependent key="1" type="62" />
      </MissingDependency>
      <MissingDependency>
        <Required key="31" type="1" schemaName="incident" displayName="Case" solution="msdynce_Service (9.0.5.56)" />
        <Dependent key="1" type="62" />
      </MissingDependency>
      <MissingDependency>
        <Required key="32" type="1" schemaName="msdyn_postruleconfig" displayName="Post Rule Configuration" solution="ActivityFeedsCore (9.0.0.0)" />
        <Dependent key="1" type="62" />
      </MissingDependency>
      <MissingDependency>
        <Required key="33" type="1" schemaName="leadtoopportunitysalesprocess" displayName="Lead To Opportunity Sales Process" solution="msdynce_Sales (9.0.4.0076)" />
        <Dependent key="1" type="62" />
      </MissingDependency>
      <MissingDependency>
        <Required key="34" type="1" schemaName="msauto_devicestyle" displayName="Device Style" solution="MicrosoftCommonDataModelforAutomotive (0.6.0.0)" />
        <Dependent key="1" type="62" />
      </MissingDependency>
      <MissingDependency>
        <Required key="35" type="1" schemaName="competitor" displayName="Competitor" solution="msdynce_Sales (9.0.4.0076)" />
        <Dependent key="1" type="62" />
      </MissingDependency>
      <MissingDependency>
        <Required key="36" type="1" schemaName="msauto_tradein" displayName="Trade In" solution="MicrosoftCommonDataModelforAutomotive (0.6.0.0)" />
        <Dependent key="1" type="62" />
      </MissingDependency>
      <MissingDependency>
        <Required key="7" type="1" schemaName="msauto_devicemodelcode" displayName="Device Model Code" solution="MicrosoftCommonDataModelforAutomotive (0.6.0.0)" />
        <Dependent key="37" type="80" schemaName="msauto_AutoHub" displayName="Auto Hub" />
      </MissingDependency>
      <MissingDependency>
        <Required key="9" type="1" schemaName="msauto_servicecontract" displayName="Service Contract" solution="MicrosoftCommonDataModelforAutomotive (0.6.0.0)" />
        <Dependent key="37" type="80" schemaName="msauto_AutoHub" displayName="Auto Hub" />
      </MissingDependency>
      <MissingDependency>
        <Required key="8" type="1" schemaName="msauto_devicebrand" displayName="Device Brand" solution="MicrosoftCommonDataModelforAutomotive (0.6.0.0)" />
        <Dependent key="37" type="80" schemaName="msauto_AutoHub" displayName="Auto Hub" />
      </MissingDependency>
      <MissingDependency>
        <Required key="25" type="1" schemaName="campaign" displayName="Campaign" solution="msdynce_Marketing (9.0.4.37)" />
        <Dependent key="37" type="80" schemaName="msauto_AutoHub" displayName="Auto Hub" />
      </MissingDependency>
      <MissingDependency>
        <Required key="30" type="1" schemaName="msauto_serviceappointment" displayName="Service Appointment" solution="MicrosoftCommonDataModelforAutomotive (0.6.0.0)" />
        <Dependent key="37" type="80" schemaName="msauto_AutoHub" displayName="Auto Hub" />
      </MissingDependency>
      <MissingDependency>
        <Required key="38" type="1" schemaName="msauto_businessoperation" displayName="Business Operation" solution="MicrosoftCommonDataModelforAutomotive (0.6.0.0)" />
        <Dependent key="37" type="80" schemaName="msauto_AutoHub" displayName="Auto Hub" />
      </MissingDependency>
      <MissingDependency>
        <Required key="6" type="1" schemaName="msauto_deal" displayName="Deal" solution="MicrosoftCommonDataModelforAutomotive (0.6.0.0)" />
        <Dependent key="37" type="80" schemaName="msauto_AutoHub" displayName="Auto Hub" />
      </MissingDependency>
      <MissingDependency>
        <Required key="21" type="1" schemaName="invoice" displayName="Invoice" solution="msdynce_Sales (9.0.4.0076)" />
        <Dependent key="37" type="80" schemaName="msauto_AutoHub" displayName="Auto Hub" />
      </MissingDependency>
      <MissingDependency>
        <Required key="22" type="1" schemaName="contract" displayName="Contract" solution="msdynce_Service (9.0.5.56)" />
        <Dependent key="37" type="80" schemaName="msauto_AutoHub" displayName="Auto Hub" />
      </MissingDependency>
      <MissingDependency>
        <Required key="17" type="1" schemaName="quote" displayName="Quote" solution="msdynce_Sales (9.0.4.0076)" />
        <Dependent key="37" type="80" schemaName="msauto_AutoHub" displayName="Auto Hub" />
      </MissingDependency>
      <MissingDependency>
        <Required key="33" type="1" schemaName="leadtoopportunitysalesprocess" displayName="Lead To Opportunity Sales Process" solution="msdynce_Sales (9.0.4.0076)" />
        <Dependent key="37" type="80" schemaName="msauto_AutoHub" displayName="Auto Hub" />
      </MissingDependency>
      <MissingDependency>
        <Required key="28" type="1" schemaName="msdyn_upgraderun" displayName="Upgrade Run" solution="SolutionUpgradeInfrastructure (2.6.0.0)" />
        <Dependent key="37" type="80" schemaName="msauto_AutoHub" displayName="Auto Hub" />
      </MissingDependency>
      <MissingDependency>
        <Required key="31" type="1" schemaName="incident" displayName="Case" solution="msdynce_Service (9.0.5.56)" />
        <Dependent key="37" type="80" schemaName="msauto_AutoHub" displayName="Auto Hub" />
      </MissingDependency>
      <MissingDependency>
        <Required key="14" type="1" schemaName="msauto_device" displayName="Device" solution="MicrosoftCommonDataModelforAutomotive (0.6.0.0)" />
        <Dependent key="37" type="80" schemaName="msauto_AutoHub" displayName="Auto Hub" />
      </MissingDependency>
      <MissingDependency>
        <Required key="18" type="1" schemaName="msauto_testdrive" displayName="Test Drive" solution="MicrosoftCommonDataModelforAutomotive (0.6.0.0)" />
        <Dependent key="37" type="80" schemaName="msauto_AutoHub" displayName="Auto Hub" />
      </MissingDependency>
      <MissingDependency>
        <Required key="23" type="1" schemaName="msdyn_solutionhistory" displayName="Solution History" solution="SolutionHistoryAPIs (9.1.0.6)" />
        <Dependent key="37" type="80" schemaName="msauto_AutoHub" displayName="Auto Hub" />
      </MissingDependency>
      <MissingDependency>
        <Required key="36" type="1" schemaName="msauto_tradein" displayName="Trade In" solution="MicrosoftCommonDataModelforAutomotive (0.6.0.0)" />
        <Dependent key="37" type="80" schemaName="msauto_AutoHub" displayName="Auto Hub" />
      </MissingDependency>
      <MissingDependency>
        <Required key="39" type="1" schemaName="service" displayName="Service" solution="msdynce_Service (9.0.5.56)" />
        <Dependent key="1" type="62" />
      </MissingDependency>
      <MissingDependency>
        <Required key="38" type="1" schemaName="msauto_businessoperation" displayName="Business Operation" solution="MicrosoftCommonDataModelforAutomotive (0.6.0.0)" />
        <Dependent key="1" type="62" />
      </MissingDependency>
      <MissingDependency>
        <Required key="34" type="1" schemaName="msauto_devicestyle" displayName="Device Style" solution="MicrosoftCommonDataModelforAutomotive (0.6.0.0)" />
        <Dependent key="37" type="80" schemaName="msauto_AutoHub" displayName="Auto Hub" />
      </MissingDependency>
      <MissingDependency>
        <Required key="15" type="1" schemaName="msauto_business" displayName="Business" solution="MicrosoftCommonDataModelforAutomotive (0.6.0.0)" />
        <Dependent key="37" type="80" schemaName="msauto_AutoHub" displayName="Auto Hub" />
      </MissingDependency>
      <MissingDependency>
        <Required key="16" type="1" schemaName="msauto_devicewarranty" displayName="Device Warranty" solution="MicrosoftCommonDataModelforAutomotive (0.6.0.0)" />
        <Dependent key="37" type="80" schemaName="msauto_AutoHub" displayName="Auto Hub" />
      </MissingDependency>
      <MissingDependency>
        <Required key="13" type="1" schemaName="opportunitysalesprocess" displayName="Opportunity Sales Process" solution="msdynce_Sales (9.0.4.0076)" />
        <Dependent key="37" type="80" schemaName="msauto_AutoHub" displayName="Auto Hub" />
      </MissingDependency>
      <MissingDependency>
        <Required key="19" type="1" schemaName="lead" displayName="Lead" solution="msdynce_LeadManagement (9.0.4.0066)" />
        <Dependent key="37" type="80" schemaName="msauto_AutoHub" displayName="Auto Hub" />
      </MissingDependency>
      <MissingDependency>
        <Required key="4" type="1" schemaName="msauto_devicetype" displayName="Device Type" solution="MicrosoftCommonDataModelforAutomotive (0.6.0.0)" />
        <Dependent key="37" type="80" schemaName="msauto_AutoHub" displayName="Auto Hub" />
      </MissingDependency>
      <MissingDependency>
        <Required key="39" type="1" schemaName="service" displayName="Service" solution="msdynce_Service (9.0.5.56)" />
        <Dependent key="37" type="80" schemaName="msauto_AutoHub" displayName="Auto Hub" />
      </MissingDependency>
      <MissingDependency>
        <Required key="27" type="1" schemaName="salesliterature" displayName="Sales Literature" solution="msdynce_Sales (9.0.4.0076)" />
        <Dependent key="37" type="80" schemaName="msauto_AutoHub" displayName="Auto Hub" />
      </MissingDependency>
      <MissingDependency>
        <Required key="12" type="1" schemaName="bulkoperation" displayName="Quick Campaign" solution="msdynce_Marketing (9.0.4.37)" />
        <Dependent key="37" type="80" schemaName="msauto_AutoHub" displayName="Auto Hub" />
      </MissingDependency>
      <MissingDependency>
        <Required key="0" type="1" schemaName="list" displayName="Marketing List" solution="msdynce_Marketing (9.0.4.37)" />
        <Dependent key="37" type="80" schemaName="msauto_AutoHub" displayName="Auto Hub" />
      </MissingDependency>
      <MissingDependency>
        <Required key="3" type="1" schemaName="opportunity" displayName="Opportunity" solution="msdynce_Sales (9.0.4.0076)" />
        <Dependent key="37" type="80" schemaName="msauto_AutoHub" displayName="Auto Hub" />
      </MissingDependency>
      <MissingDependency>
        <Required key="35" type="1" schemaName="competitor" displayName="Competitor" solution="msdynce_Sales (9.0.4.0076)" />
        <Dependent key="37" type="80" schemaName="msauto_AutoHub" displayName="Auto Hub" />
      </MissingDependency>
      <MissingDependency>
        <Required key="2" type="1" schemaName="msauto_devicegeneration" displayName="Device Generation" solution="MicrosoftCommonDataModelforAutomotive (0.6.0.0)" />
        <Dependent key="37" type="80" schemaName="msauto_AutoHub" displayName="Auto Hub" />
      </MissingDependency>
      <MissingDependency>
        <Required key="32" type="1" schemaName="msdyn_postruleconfig" displayName="Post Rule Configuration" solution="ActivityFeedsCore (9.0.0.0)" />
        <Dependent key="37" type="80" schemaName="msauto_AutoHub" displayName="Auto Hub" />
      </MissingDependency>
      <MissingDependency>
        <Required key="26" type="1" schemaName="salesorder" displayName="Order" solution="msdynce_Sales (9.0.4.0076)" />
        <Dependent key="37" type="80" schemaName="msauto_AutoHub" displayName="Auto Hub" />
      </MissingDependency>
      <MissingDependency>
        <Required key="10" type="1" schemaName="msauto_deviceclass" displayName="Device Class" solution="MicrosoftCommonDataModelforAutomotive (0.6.0.0)" />
        <Dependent key="37" type="80" schemaName="msauto_AutoHub" displayName="Auto Hub" />
      </MissingDependency>
      <MissingDependency>
        <Required key="20" type="1" schemaName="msauto_businessfacility" displayName="Business Facility" solution="MicrosoftCommonDataModelforAutomotive (0.6.0.0)" />
        <Dependent key="37" type="80" schemaName="msauto_AutoHub" displayName="Auto Hub" />
      </MissingDependency>
      <MissingDependency>
        <Required key="5" type="1" schemaName="product" displayName="Product" solution="msdynce_ProductManagement (9.0.4.0066)" />
        <Dependent key="37" type="80" schemaName="msauto_AutoHub" displayName="Auto Hub" />
      </MissingDependency>
      <MissingDependency>
        <Required key="24" type="1" schemaName="msdyn_postconfig" displayName="Post Configuration" solution="ActivityFeedsCore (9.0.0.0)" />
        <Dependent key="37" type="80" schemaName="msauto_AutoHub" displayName="Auto Hub" />
      </MissingDependency>
      <MissingDependency>
        <Required key="29" type="1" schemaName="msauto_devicevariant" displayName="Device Variant" solution="MicrosoftCommonDataModelforAutomotive (0.6.0.0)" />
        <Dependent key="37" type="80" schemaName="msauto_AutoHub" displayName="Auto Hub" />
      </MissingDependency>
      <MissingDependency>
        <Required key="11" type="1" schemaName="phonetocaseprocess" displayName="Phone To Case Process" solution="msdynce_Service (9.0.5.56)" />
        <Dependent key="37" type="80" schemaName="msauto_AutoHub" displayName="Auto Hub" />
      </MissingDependency>
      <MissingDependency>
        <Required key="5" type="1" schemaName="product" displayName="Product" solution="msdynce_ProductManagement (9.0.4.0066)" />
        <Dependent key="40" type="62" schemaName="msauto_AutoHub" />
      </MissingDependency>
      <MissingDependency>
        <Required key="41" type="1" schemaName="msauto_devicemodel" displayName="Device Model" solution="MicrosoftCommonDataModelforAutomotive (0.6.0.0)" />
        <Dependent key="40" type="62" schemaName="msauto_AutoHub" />
      </MissingDependency>
      <MissingDependency>
        <Required key="16" type="1" schemaName="msauto_devicewarranty" displayName="Device Warranty" solution="MicrosoftCommonDataModelforAutomotive (0.6.0.0)" />
        <Dependent key="40" type="62" schemaName="msauto_AutoHub" />
      </MissingDependency>
      <MissingDependency>
        <Required key="18" type="1" schemaName="msauto_testdrive" displayName="Test Drive" solution="MicrosoftCommonDataModelforAutomotive (0.6.0.0)" />
        <Dependent key="40" type="62" schemaName="msauto_AutoHub" />
      </MissingDependency>
      <MissingDependency>
        <Required key="35" type="1" schemaName="competitor" displayName="Competitor" solution="msdynce_Sales (9.0.4.0076)" />
        <Dependent key="40" type="62" schemaName="msauto_AutoHub" />
      </MissingDependency>
      <MissingDependency>
        <Required key="3" type="1" schemaName="opportunity" displayName="Opportunity" solution="msdynce_Sales (9.0.4.0076)" />
        <Dependent key="40" type="62" schemaName="msauto_AutoHub" />
      </MissingDependency>
      <MissingDependency>
        <Required key="9" type="1" schemaName="msauto_servicecontract" displayName="Service Contract" solution="MicrosoftCommonDataModelforAutomotive (0.6.0.0)" />
        <Dependent key="40" type="62" schemaName="msauto_AutoHub" />
      </MissingDependency>
      <MissingDependency>
        <Required key="26" type="1" schemaName="salesorder" displayName="Order" solution="msdynce_Sales (9.0.4.0076)" />
        <Dependent key="40" type="62" schemaName="msauto_AutoHub" />
      </MissingDependency>
      <MissingDependency>
        <Required key="17" type="1" schemaName="quote" displayName="Quote" solution="msdynce_Sales (9.0.4.0076)" />
        <Dependent key="40" type="62" schemaName="msauto_AutoHub" />
      </MissingDependency>
      <MissingDependency>
        <Required key="28" type="1" schemaName="msdyn_upgraderun" displayName="Upgrade Run" solution="SolutionUpgradeInfrastructure (2.6.0.0)" />
        <Dependent key="40" type="62" schemaName="msauto_AutoHub" />
      </MissingDependency>
      <MissingDependency>
        <Required key="14" type="1" schemaName="msauto_device" displayName="Device" solution="MicrosoftCommonDataModelforAutomotive (0.6.0.0)" />
        <Dependent key="40" type="62" schemaName="msauto_AutoHub" />
      </MissingDependency>
      <MissingDependency>
        <Required key="36" type="1" schemaName="msauto_tradein" displayName="Trade In" solution="MicrosoftCommonDataModelforAutomotive (0.6.0.0)" />
        <Dependent key="40" type="62" schemaName="msauto_AutoHub" />
      </MissingDependency>
      <MissingDependency>
        <Required key="6" type="1" schemaName="msauto_deal" displayName="Deal" solution="MicrosoftCommonDataModelforAutomotive (0.6.0.0)" />
        <Dependent key="40" type="62" schemaName="msauto_AutoHub" />
      </MissingDependency>
      <MissingDependency>
        <Required key="24" type="1" schemaName="msdyn_postconfig" displayName="Post Configuration" solution="ActivityFeedsCore (9.0.0.0)" />
        <Dependent key="40" type="62" schemaName="msauto_AutoHub" />
      </MissingDependency>
      <MissingDependency>
        <Required key="10" type="1" schemaName="msauto_deviceclass" displayName="Device Class" solution="MicrosoftCommonDataModelforAutomotive (0.6.0.0)" />
        <Dependent key="40" type="62" schemaName="msauto_AutoHub" />
      </MissingDependency>
      <MissingDependency>
        <Required key="0" type="1" schemaName="list" displayName="Marketing List" solution="msdynce_Marketing (9.0.4.37)" />
        <Dependent key="40" type="62" schemaName="msauto_AutoHub" />
      </MissingDependency>
      <MissingDependency>
        <Required key="7" type="1" schemaName="msauto_devicemodelcode" displayName="Device Model Code" solution="MicrosoftCommonDataModelforAutomotive (0.6.0.0)" />
        <Dependent key="40" type="62" schemaName="msauto_AutoHub" />
      </MissingDependency>
      <MissingDependency>
        <Required key="11" type="1" schemaName="phonetocaseprocess" displayName="Phone To Case Process" solution="msdynce_Service (9.0.5.56)" />
        <Dependent key="40" type="62" schemaName="msauto_AutoHub" />
      </MissingDependency>
      <MissingDependency>
        <Required key="15" type="1" schemaName="msauto_business" displayName="Business" solution="MicrosoftCommonDataModelforAutomotive (0.6.0.0)" />
        <Dependent key="40" type="62" schemaName="msauto_AutoHub" />
      </MissingDependency>
      <MissingDependency>
        <Required key="32" type="1" schemaName="msdyn_postruleconfig" displayName="Post Rule Configuration" solution="ActivityFeedsCore (9.0.0.0)" />
        <Dependent key="40" type="62" schemaName="msauto_AutoHub" />
      </MissingDependency>
      <MissingDependency>
        <Required key="2" type="1" schemaName="msauto_devicegeneration" displayName="Device Generation" solution="MicrosoftCommonDataModelforAutomotive (0.6.0.0)" />
        <Dependent key="40" type="62" schemaName="msauto_AutoHub" />
      </MissingDependency>
      <MissingDependency>
        <Required key="39" type="1" schemaName="service" displayName="Service" solution="msdynce_Service (9.0.5.56)" />
        <Dependent key="40" type="62" schemaName="msauto_AutoHub" />
      </MissingDependency>
      <MissingDependency>
        <Required key="19" type="1" schemaName="lead" displayName="Lead" solution="msdynce_LeadManagement (9.0.4.0066)" />
        <Dependent key="40" type="62" schemaName="msauto_AutoHub" />
      </MissingDependency>
      <MissingDependency>
        <Required key="33" type="1" schemaName="leadtoopportunitysalesprocess" displayName="Lead To Opportunity Sales Process" solution="msdynce_Sales (9.0.4.0076)" />
        <Dependent key="40" type="62" schemaName="msauto_AutoHub" />
      </MissingDependency>
      <MissingDependency>
        <Required key="30" type="1" schemaName="msauto_serviceappointment" displayName="Service Appointment" solution="MicrosoftCommonDataModelforAutomotive (0.6.0.0)" />
        <Dependent key="40" type="62" schemaName="msauto_AutoHub" />
      </MissingDependency>
      <MissingDependency>
        <Required key="25" type="1" schemaName="campaign" displayName="Campaign" solution="msdynce_Marketing (9.0.4.37)" />
        <Dependent key="40" type="62" schemaName="msauto_AutoHub" />
      </MissingDependency>
      <MissingDependency>
        <Required key="12" type="1" schemaName="bulkoperation" displayName="Quick Campaign" solution="msdynce_Marketing (9.0.4.37)" />
        <Dependent key="40" type="62" schemaName="msauto_AutoHub" />
      </MissingDependency>
      <MissingDependency>
        <Required key="42" type="1" schemaName="msauto_fleet" displayName="Fleet" solution="MicrosoftCommonDataModelforAutomotive (0.6.0.0)" />
        <Dependent key="40" type="62" schemaName="msauto_AutoHub" />
      </MissingDependency>
      <MissingDependency>
        <Required key="23" type="1" schemaName="msdyn_solutionhistory" displayName="Solution History" solution="SolutionHistoryAPIs (9.1.0.6)" />
        <Dependent key="40" type="62" schemaName="msauto_AutoHub" />
      </MissingDependency>
      <MissingDependency>
        <Required key="21" type="1" schemaName="invoice" displayName="Invoice" solution="msdynce_Sales (9.0.4.0076)" />
        <Dependent key="40" type="62" schemaName="msauto_AutoHub" />
      </MissingDependency>
      <MissingDependency>
        <Required key="29" type="1" schemaName="msauto_devicevariant" displayName="Device Variant" solution="MicrosoftCommonDataModelforAutomotive (0.6.0.0)" />
        <Dependent key="40" type="62" schemaName="msauto_AutoHub" />
      </MissingDependency>
      <MissingDependency>
        <Required key="38" type="1" schemaName="msauto_businessoperation" displayName="Business Operation" solution="MicrosoftCommonDataModelforAutomotive (0.6.0.0)" />
        <Dependent key="40" type="62" schemaName="msauto_AutoHub" />
      </MissingDependency>
      <MissingDependency>
        <Required key="13" type="1" schemaName="opportunitysalesprocess" displayName="Opportunity Sales Process" solution="msdynce_Sales (9.0.4.0076)" />
        <Dependent key="40" type="62" schemaName="msauto_AutoHub" />
      </MissingDependency>
      <MissingDependency>
        <Required key="8" type="1" schemaName="msauto_devicebrand" displayName="Device Brand" solution="MicrosoftCommonDataModelforAutomotive (0.6.0.0)" />
        <Dependent key="40" type="62" schemaName="msauto_AutoHub" />
      </MissingDependency>
      <MissingDependency>
        <Required key="22" type="1" schemaName="contract" displayName="Contract" solution="msdynce_Service (9.0.5.56)" />
        <Dependent key="40" type="62" schemaName="msauto_AutoHub" />
      </MissingDependency>
      <MissingDependency>
        <Required key="27" type="1" schemaName="salesliterature" displayName="Sales Literature" solution="msdynce_Sales (9.0.4.0076)" />
        <Dependent key="40" type="62" schemaName="msauto_AutoHub" />
      </MissingDependency>
      <MissingDependency>
        <Required key="34" type="1" schemaName="msauto_devicestyle" displayName="Device Style" solution="MicrosoftCommonDataModelforAutomotive (0.6.0.0)" />
        <Dependent key="40" type="62" schemaName="msauto_AutoHub" />
      </MissingDependency>
      <MissingDependency>
        <Required key="4" type="1" schemaName="msauto_devicetype" displayName="Device Type" solution="MicrosoftCommonDataModelforAutomotive (0.6.0.0)" />
        <Dependent key="40" type="62" schemaName="msauto_AutoHub" />
      </MissingDependency>
      <MissingDependency>
        <Required key="43" type="1" schemaName="msauto_salescontract" displayName="Sales Contract" solution="MicrosoftCommonDataModelforAutomotive (0.6.0.0)" />
        <Dependent key="40" type="62" schemaName="msauto_AutoHub" />
      </MissingDependency>
      <MissingDependency>
        <Required key="20" type="1" schemaName="msauto_businessfacility" displayName="Business Facility" solution="MicrosoftCommonDataModelforAutomotive (0.6.0.0)" />
        <Dependent key="40" type="62" schemaName="msauto_AutoHub" />
      </MissingDependency>
      <MissingDependency>
        <Required key="31" type="1" schemaName="incident" displayName="Case" solution="msdynce_Service (9.0.5.56)" />
        <Dependent key="40" type="62" schemaName="msauto_AutoHub" />
      </MissingDependency>
      <MissingDependency>
        <Required key="44" type="60" displayName="Lead Quick Create" parentDisplayName="Lead" solution="msdynce_LeadManagement (9.0.4.0066)" id="{aa7c154f-e2f8-45db-b780-a9a8a96332fe}" />
        <Dependent key="37" type="80" schemaName="msauto_AutoHub" displayName="Auto Hub" />
      </MissingDependency>
      <MissingDependency>
        <Required key="45" type="60" displayName="Contact Quick Create" parentDisplayName="Contact" solution="msdynce_AppCommon (9.0.4.0066)" id="{661157fe-2fc9-4eaa-835f-5bfa2f7b64f7}" />
        <Dependent key="37" type="80" schemaName="msauto_AutoHub" displayName="Auto Hub" />
      </MissingDependency>
      <MissingDependency>
        <Required key="46" type="60" displayName="Lead - Auto" parentDisplayName="Lead" solution="MicrosoftCommonDataModelforAutomotiveSales (0.5.0.0)" id="{141396eb-44e2-43f3-9aac-2f2f7d3b6c04}" />
        <Dependent key="37" type="80" schemaName="msauto_AutoHub" displayName="Auto Hub" />
      </MissingDependency>
      <MissingDependency>
        <Required key="47" type="60" displayName="Contact - Auto" parentDisplayName="Contact" solution="MicrosoftCommonDataModelforAutomotiveSales (0.5.0.0)" id="{c1c72637-5032-40f8-bdea-ca71e9c33a76}" />
        <Dependent key="37" type="80" schemaName="msauto_AutoHub" displayName="Auto Hub" />
      </MissingDependency>
      <MissingDependency>
        <Required key="48" type="60" displayName="Account - Auto" parentDisplayName="Account" solution="MicrosoftCommonDataModelforAutomotiveSales (0.5.0.0)" id="{c00459d8-83dd-4dfa-a14c-4ebcd7747192}" />
        <Dependent key="37" type="80" schemaName="msauto_AutoHub" displayName="Auto Hub" />
      </MissingDependency>
      <MissingDependency>
        <Required key="49" type="60" displayName="AI for Sales" parentDisplayName="Contact" solution="SICommon (9.0.2.99)" id="{293c878f-f068-40a0-ae48-4297e060871c}" />
        <Dependent key="37" type="80" schemaName="msauto_AutoHub" displayName="Auto Hub" />
      </MissingDependency>
      <MissingDependency>
        <Required key="50" type="60" displayName="Account Quick Create" parentDisplayName="Account" solution="msdynce_AppCommon (9.0.4.0066)" id="{c9e7ec2d-efca-4e4c-b3e3-f63c4bba5e4b}" />
        <Dependent key="37" type="80" schemaName="msauto_AutoHub" displayName="Auto Hub" />
      </MissingDependency>
      <MissingDependency>
        <Required key="51" type="60" displayName="Account Hierarchy Tile Form" parentDisplayName="Account" solution="msdynce_AppCommon (9.0.4.0066)" id="{69cff312-cfb6-4289-9631-249ab85d2c62}" />
        <Dependent key="37" type="80" schemaName="msauto_AutoHub" displayName="Auto Hub" />
      </MissingDependency>
      <MissingDependency>
        <Required key="52" type="61" schemaName="msdyn_/PersonalWall.htm" displayName="msdyn_/PersonalWall.htm" solution="ActivityFeedsCore (9.0.0.0)" />
        <Dependent key="1" type="62" />
      </MissingDependency>
      <MissingDependency>
        <Required key="53" type="61" schemaName="msdyn_/Images/Wall_16.png" displayName="msdyn_/Images/Wall_16.png" solution="ActivityFeedsCore (9.0.0.0)" />
        <Dependent key="1" type="62" />
      </MissingDependency>
      <MissingDependency>
        <Required key="54" type="61" schemaName="msdyn_appmanagementcontrol" displayName="msdyn_appmanagementcontrol" solution="AppModuleWebResources (2.5)" />
        <Dependent key="1" type="62" />
      </MissingDependency>
      <MissingDependency>
        <Required key="55" type="61" schemaName="msdyn_/Images/AppModule_Default_Icon.png" displayName="msdyn_/Images/AppModule_Default_Icon.png" solution="AppModuleWebResources (2.5)" />
        <Dependent key="37" type="80" schemaName="msauto_AutoHub" displayName="Auto Hub" />
      </MissingDependency>
      <MissingDependency>
        <Required key="54" type="61" schemaName="msdyn_appmanagementcontrol" displayName="msdyn_appmanagementcontrol" solution="AppModuleWebResources (2.5)" />
        <Dependent key="40" type="62" schemaName="msauto_AutoHub" />
      </MissingDependency>
      <MissingDependency>
        <Required key="53" type="61" schemaName="msdyn_/Images/Wall_16.png" displayName="msdyn_/Images/Wall_16.png" solution="ActivityFeedsCore (9.0.0.0)" />
        <Dependent key="40" type="62" schemaName="msauto_AutoHub" />
      </MissingDependency>
      <MissingDependency>
        <Required key="52" type="61" schemaName="msdyn_/PersonalWall.htm" displayName="msdyn_/PersonalWall.htm" solution="ActivityFeedsCore (9.0.0.0)" />
        <Dependent key="40" type="62" schemaName="msauto_AutoHub" />
      </MissingDependency>
      <MissingDependency>
        <Required key="56" type="61" schemaName="msdyn_launchDesigner.html" displayName="msdyn_launchDesigner.html" solution="GuidedHelp (1.2.0.2)" />
        <Dependent key="40" type="62" schemaName="msauto_AutoHub" />
      </MissingDependency>
    </MissingDependencies>
  </SolutionManifest>
</ImportExportXml>